<!DOCTYPE suite SYSTEM "https://testng.org/testng-1.0.dtd" >

<suite name="SauceDemo Login Suite" verbose="1">

    <!-- Suite-level parameter for the URL, initialized using @BeforeSuite in BaseTest -->
    <parameter name="url" value="https://www.saucedemo.com/" />

    <!-- Test parameters for positive login -->
    <parameter name="validUsername" value="standard_user" />
    <parameter name="validPassword" value="secret_sauce" />

    <!-- Test parameters for negative login -->
    <parameter name="invalidUsername" value="standard_Invaliduser" />
    <parameter name="invalidPassword" value="secret_Invalidpwd" />

    <test name="Login Functionality Tests">
        <classes>
            <!-- Specify the test class to run -->
            <class name="Test.LoginTest" />
        </classes>
    </test>


</suite>
