<!DOCTYPE suite SYSTEM "https://testng.org/testng-1.0.dtd" >

<suite name="SauceDemo Android Automation Suite" verbose="1" parallel="tests" thread-count="2">

    <test name="Login Tests - Emulator_Pixel_5">
        <parameter name="platformName" value="Android"/>
        <parameter name="deviceName" value="Pixel 5 API 30"/>
        <parameter name="udid" value="emulator-5554"/> <!-- Replace with your emulator's UDID -->
        <parameter name="appPackage" value="com.saucelabs.mydemoapp.android"/> <!-- Replace with actual app package -->
        <parameter name="appActivity" value="com.saucelabs.mydemoapp.android.SauceLabsMainActivity"/> <!-- Replace with actual app activity -->
        <classes>
            <class name="com.example.appium.tests.LoginTests"/>
        </classes>
    </test>

  

    <listeners>
       
        <listener class-name="org.testng.reporters.SuiteHTMLReporter"/>
        <listener class-name="org.testng.reporters.EmailableReporter"/>
       
    </listeners>

</suite>
