{
	"info": {
		"_postman_id": "21050d23-7e00-4c40-b159-2cc4b8848568",
		"name": "ReqResApiTest",
		"schema": "https://schema.getpostman.com/json/collection/v2.1.0/collection.json",
		"_exporter_id": "11344717",
		"_collection_link": "https://www.postman.com/sikkagaurav/workspace/postmanlearning/collection/11344717-21050d23-7e00-4c40-b159-2cc4b8848568?action=share&source=collection_link&creator=11344717"
	},
	"item": [
		{
			"name": "Get Users - Positive Delay",
			"event": [
				{
					"listen": "prerequest",
					"script": {
						"exec": [
							"// Set a default positive delay for individual request testing\r",
							"pm.environment.set(\"delayId\", 3); // Example: 3 seconds delay\r",
							"console.log(\"Pre-request Script: delayId set to \" + pm.environment.get(\"delayId\"));"
						],
						"type": "text/javascript",
						"packages": {}
					}
				},
				{
					"listen": "test",
					"script": {
						"exec": [
							"// Positive Test Case Assertions\r",
							"\r",
							"// Test 1: Verify HTTP Status Code is 200 OK\r",
							"pm.test(\"Status code is 200 OK\", function () {\r",
							"    pm.response.to.have.status(200);\r",
							"});\r",
							"\r",
							"// Test 2: Verify response structure (e.g., has 'data' array)\r",
							"pm.test(\"Response has 'data' array\", function () {\r",
							"    const responseJson = pm.response.json();\r",
							"    pm.expect(responseJson).to.have.property('data');\r",
							"    pm.expect(responseJson.data).to.be.an('array');\r",
							"});\r",
							"\r",
							"// Test 3: Verify at least one user is returned\r",
							"pm.test(\"Response 'data' array is not empty\", function () {\r",
							"    const responseJson = pm.response.json();\r",
							"    pm.expect(responseJson.data.length).to.be.above(0);\r",
							"});\r",
							"\r",
							"// Test 4: Verify first user object has expected properties (id, email, first_name, last_name)\r",
							"pm.test(\"First user object has expected properties\", function () {\r",
							"    const responseJson = pm.response.json();\r",
							"    if (responseJson.data && responseJson.data.length > 0) {\r",
							"        const firstUser = responseJson.data[0];\r",
							"        pm.expect(firstUser).to.have.all.keys('id', 'email', 'first_name', 'last_name', 'avatar');\r",
							"    } else {\r",
							"        pm.expect.fail(\"No user data found to validate properties.\");\r",
							"    }\r",
							"});\r",
							"\r",
							"console.log(\"Positive tests executed.\");"
						],
						"type": "text/javascript",
						"packages": {}
					}
				}
			],
			"request": {
				"method": "GET",
				"header": [],
				"url": {
					"raw": "https://reqres.in/api/users?delay={{delayId}}",
					"protocol": "https",
					"host": [
						"reqres",
						"in"
					],
					"path": [
						"api",
						"users"
					],
					"query": [
						{
							"key": "delay",
							"value": "{{delayId}}"
						}
					]
				}
			},
			"response": []
		},
		{
			"name": "Get Users - Negative Delay",
			"event": [
				{
					"listen": "prerequest",
					"script": {
						"exec": [
							"// Set a default negative delay (e.g., invalid string) for individual request testing\r",
							"pm.environment.set(\"delayId\", \"invalid_delay\");\r",
							"console.log(\"Pre-request Script: delayId set to \" + pm.environment.get(\"delayId\"));"
						],
						"type": "text/javascript",
						"packages": {}
					}
				},
				{
					"listen": "test",
					"script": {
						"exec": [
							"// Negative Test Case Assertions (assuming API returns 400 for invalid delay, which reqres.in does NOT)\r",
							"\r",
							"// Test 1: Verify HTTP Status Code is NOT 200 OK (e.g., 400 Bad Request)\r",
							"// **IMPORTANT:** reqres.in returns 200 for invalid delay values.\r",
							"// This test is written assuming an API *would* return a 400 for illustration purposes.\r",
							"pm.test(\"Status code is NOT 200 OK (e.g., 400 Bad Request expected for invalid input)\", function () {\r",
							"    pm.response.to.have.status(400); // This assertion will fail for reqres.in, as it returns 200\r",
							"});\r",
							"\r",
							"// Test 2: Verify response body indicates an error (if applicable)\r",
							"// For reqres.in, it simply returns normal data. If it returned an error, you'd check its structure.\r",
							"pm.test(\"Response body does not contain expected data (or contains error message)\", function () {\r",
							"    const responseJson = pm.response.json();\r",
							"    // Assuming an error response might look like: { \"error\": \"Invalid delay parameter\" }\r",
							"    // For reqres.in, it will still have 'data', so this check would need to be adapted.\r",
							"    // For true negative, you'd assert the *absence* of valid data or *presence* of an error message.\r",
							"    pm.expect(responseJson).to.not.have.property('data_unexpected_error_case'); // Example: confirm no unexpected success data\r",
							"    // Or if expecting a specific error message:\r",
							"    // pm.expect(responseJson.error).to.eql(\"Invalid delay parameter\");\r",
							"});\r",
							"\r",
							"console.log(\"Negative tests executed. Note: reqres.in behavior may differ from assumed negative case.\");"
						],
						"type": "text/javascript",
						"packages": {}
					}
				}
			],
			"request": {
				"method": "GET",
				"header": [],
				"url": {
					"raw": "https://reqres.in/api/users?delay={{delayId}}",
					"protocol": "https",
					"host": [
						"reqres",
						"in"
					],
					"path": [
						"api",
						"users"
					],
					"query": [
						{
							"key": "delay",
							"value": "{{delayId}}"
						}
					]
				}
			},
			"response": []
		}
	],
	"event": [
		{
			"listen": "prerequest",
			"script": {
				"type": "text/javascript",
				"packages": {},
				"exec": [
					""
				]
			}
		},
		{
			"listen": "test",
			"script": {
				"type": "text/javascript",
				"packages": {},
				"exec": [
					""
				]
			}
		}
	],
	"variable": [
		{
			"key": "baseUrl",
			"value": "https://reqres.in/api",
			"type": "string"
		}
	]
}