{
	"info": {
		"_postman_id": "22b71999-12d3-437b-a2e4-7e3eb15f8d4b",
		"name": "Question6API",
		"schema": "https://schema.getpostman.com/json/collection/v2.1.0/collection.json",
		"_exporter_id": "14576879",
		"_collection_link": "https://newteamavengers.postman.co/workspace/NewTeamAvengers-Workspace~cbaddf3b-05ca-4d71-8e8e-010e0e70dfde/collection/14576879-22b71999-12d3-437b-a2e4-7e3eb15f8d4b?action=share&source=collection_link&creator=14576879"
	},
	"item": [
		{
			"name": "LoginPostiveTest",
			"event": [
				{
					"listen": "test",
					"script": {
						"exec": [
							"pm.test(\"Status code is 200\", () =>\r",
							"{\r",
							"    pm.response.to.have.status(200);\r",
							"});\r",
							""
						],
						"type": "text/javascript",
						"packages": {}
					}
				}
			],
			"request": {
				"method": "POST",
				"header": [
					{
						"key": "x-api-key",
						"value": "reqres-free-v1",
						"type": "text"
					}
				],
				"body": {
					"mode": "raw",
					"raw": "{\r\n    \"email\": \"eve.holt@reqres.in\",\r\n    \"password\": \"cityslicka\"\r\n}",
					"options": {
						"raw": {
							"language": "json"
						}
					}
				},
				"url": {
					"raw": "https://reqres.in/api/login",
					"protocol": "https",
					"host": [
						"reqres",
						"in"
					],
					"path": [
						"api",
						"login"
					]
				}
			},
			"response": []
		},
		{
			"name": "LoginNegativeTest",
			"event": [
				{
					"listen": "test",
					"script": {
						"exec": [
							"pm.test(\"Status code is 400\", () =>\r",
							"{\r",
							"    pm.response.to.have.status(400);\r",
							"});\r",
							"\r",
							"const jsonData = pm.response.json();\r",
							"pm.test(\"Response data\", () => {\r",
							"    pm.expect(jsonData).to.be.an(\"object\")\r",
							"    pm.expect(jsonData.error).to.eql(\"Missing password\")\r",
							"});\r",
							""
						],
						"type": "text/javascript",
						"packages": {}
					}
				}
			],
			"request": {
				"method": "POST",
				"header": [
					{
						"key": "x-api-key",
						"value": "reqres-free-v1",
						"type": "text"
					}
				],
				"body": {
					"mode": "raw",
					"raw": "{\r\n    \"email\": \"peter@klaven\"\r\n}",
					"options": {
						"raw": {
							"language": "json"
						}
					}
				},
				"url": {
					"raw": "https://reqres.in/api/login",
					"protocol": "https",
					"host": [
						"reqres",
						"in"
					],
					"path": [
						"api",
						"login"
					]
				}
			},
			"response": []
		}
	]
}